id,shapeName,tmp_2010,tmp_2011,tmp_2012,tmp_2013,tmp_2014,tmp_2015,tmp_2016,tmp_2017,tmp_2018,tmp_2019,tmp_2020
1,Aceh Barat,26.25630358,25.89528846,26.0467694,26.15567039,26.12614673,26.20376298,26.47078056,26.06244683,26.052423,26.4096263,26.27621759
2,Aceh Barat Daya,25.20882861,24.83105207,24.99819705,25.07875214,25.08382882,25.15279495,25.44216202,24.98200897,25.00097462,25.37683686,25.2481964
3,Aceh Besar,26.86661245,26.48971466,26.66152554,26.73995768,26.7273968,26.77868701,27.02396693,26.67653955,26.64241068,26.96606438,26.87445342
4,Aceh Jaya,26.49704899,26.12606241,26.29334629,26.37174103,26.37297884,26.43337111,26.67030457,26.30620557,26.28357342,26.61392557,26.50106199
5,Aceh Selatan,25.86202153,25.48383544,25.63963874,25.73582911,25.76025524,25.81574984,26.11659253,25.64602807,25.66167077,26.0600346,25.91052016
6,Aceh Singkil,27.47104439,27.09119124,27.22336306,27.34414488,27.37209811,27.42336401,27.70690713,27.25806852,27.26513668,27.67526249,27.52906023
7,Aceh Tamiang,27.0568665,26.63727017,26.82261686,26.88507338,26.89670316,26.97270913,27.30045523,26.82408314,26.81098782,27.21584133,27.08635397
8,Aceh Tengah,24.85238047,24.45080542,24.63152648,24.71378064,24.7099687,24.78078047,25.08024431,24.61933435,24.62377296,25.01253906,24.89471019
9,Aceh Tenggara,25.29781724,24.9038899,25.06443766,25.1613075,25.17759019,25.23558611,25.53770496,25.07734839,25.0777825,25.48857374,25.34329234
10,Aceh Timur,27.18478509,26.74406402,26.95017767,27.01590487,27.0272781,27.08707782,27.42393847,26.9338112,26.93320892,27.34041749,27.22179583
11,Aceh Utara,27.44703904,27.004891,27.21412492,27.28378028,27.2834305,27.34392127,27.66586228,27.20342895,27.18676705,27.60190552,27.4864849
12,Agam,26.60660096,26.25066059,26.35206315,26.46443927,26.51229406,26.57302018,26.78374615,26.38564386,26.41229406,26.82706321,26.69777284
13,Alor,25.37229898,25.129984,25.21677965,25.44773175,25.47825174,25.44318647,25.69491694,25.50444291,25.42987568,25.45563249,25.59059028
14,Asahan,27.22888881,26.80584067,26.96533411,27.07213889,27.08648341,27.17372011,27.48643087,26.9820006,27.01406856,27.42361464,27.29745471
15,Asmat,27.30330344,27.01392714,27.08336139,27.07517208,27.17556605,27.14425826,27.03201415,27.03399622,27.14256503,27.20766351,27.22280823
16,Badung,26.23878569,25.97211893,26.20700968,26.22889544,26.23045261,26.08045251,26.25545255,26.14190031,25.83384057,25.88905947,26.44373119
17,Balangan,26.55524743,26.47933185,26.60515521,26.66037508,26.60378232,26.68180516,26.88052252,26.65414896,26.5649555,26.6712749,26.73620046
18,Bandung,24.81040696,24.60235993,24.82736655,24.83351789,24.69838802,24.63986786,24.64639985,24.77054123,24.7228177,24.84147728,24.76050377
19,Bandung Barat,25.67978537,25.47574109,25.70098136,25.71121774,25.5718158,25.52181577,25.51562586,25.65264193,25.60490657,25.73621772,25.62573886
20,Banggai,24.5744658,24.8024624,24.72654732,24.67490396,24.82828328,24.83736792,24.87314589,24.7369326,24.81053546,24.76688699,24.76195842
21,Banggai Kepulauan,25.5089393,25.74384055,25.65481483,25.58352752,25.7506059,25.7343523,25.72824794,25.64730633,25.70762058,25.6652941,25.65365988
22,Banggai Laut,25.18333387,25.39166689,25.29166714,25.25000064,25.40833362,25.38333368,25.31666692,25.29166698,25.34166702,25.26666721,25.26666721
23,Bangka,27.68314425,27.48308017,27.55568272,27.6498079,27.5957086,27.74406724,27.85921878,27.64665132,27.64905157,27.93030319,27.78819564
24,Bangka Barat,27.7837797,27.58034443,27.65229239,27.72792674,27.69682285,27.84122342,27.94383224,27.72665376,27.73428765,28.02271081,27.88562576
25,Bangka Selatan,27.6455859,27.44935074,27.52625811,27.63800505,27.545234,27.71762342,27.80321695,27.6495504,27.66049416,27.91611712,27.75672978
26,Bangka Tengah,27.64986229,27.46085764,27.54264918,27.66085709,27.56547847,27.71946769,27.82563275,27.65658357,27.65595165,27.91596716,27.77227045
27,Bangkalan,27.94733736,27.67988242,27.93596711,27.94575076,27.93437123,27.85382273,27.97115353,27.8728745,27.72856382,27.81281717,28.14031962
28,Bangli,25.31979108,25.05312406,25.27904906,25.31886633,25.31145774,25.16145765,25.33645768,25.20497359,24.91932862,24.99247903,25.52025332
29,Banjar,26.74387418,26.62908018,26.80241204,26.87220783,26.76692367,26.82436403,27.04208912,26.82635546,26.69717035,26.80322708,26.93285573
30,Banjarnegara,25.87042756,25.62638255,25.90812915,25.88365777,25.80005877,25.72320972,25.80350143,25.81712252,25.75058933,25.81130311,25.94238683
31,Bantaeng,25.8578942,25.70898502,25.74340386,25.77311552,25.9245646,25.79087058,25.89630211,25.79376833,25.54594511,25.58942039,25.98615492
32,Bantul,26.81220814,26.55413505,26.81976067,26.81350914,26.73824884,26.64189862,26.74554206,26.74528162,26.65778511,26.67705343,26.90569576
33,Banyu Asin,27.97042874,27.75752539,27.81532803,27.87863568,27.8409761,27.99850035,28.07316471,27.89936698,27.89822715,28.197408,28.05362423
34,Banyumas,26.79172022,26.54638238,26.81880803,26.79760817,26.7020155,26.62812246,26.68106488,26.73350948,26.66280764,26.74822166,26.84319212
35,Banyuwangi,26.42445422,26.13187529,26.38883534,26.41555991,26.39772666,26.25850548,26.40433176,26.31815535,26.07430477,26.14519374,26.6200846
36,Barito Kuala,27.11437042,26.98737976,27.16938294,27.25913409,27.13752735,27.18737982,27.42919377,27.20411862,27.0821462,27.18066868,27.29453176
37,Barito Selatan,26.92380063,26.80606947,26.98197878,27.04870718,26.94952143,27.08994111,27.31904557,27.04438508,26.97784725,27.11910941,27.16518823
38,Barito Timur,26.88742503,26.7889363,26.93923745,27.01218449,26.92631397,27.05494041,27.26913064,27.0024623,26.94316561,27.06478478,27.13259835
39,Barito Utara,26.7560787,26.65019107,26.83666416,26.90982434,26.79480211,26.98294249,27.2230947,26.90809315,26.86930641,27.02183914,27.0225951
40,Barru,26.20226623,26.0869308,26.10926826,26.14393299,26.27593492,26.16543207,26.23776933,26.16676337,25.95009671,25.97026432,26.31410062
41,Batang,26.73017363,26.49514013,26.77146163,26.75442061,26.66748646,26.59608755,26.68226264,26.6887013,26.62658295,26.6873799,26.81104768
42,Batang Hari,28.13502424,27.85737878,27.93109509,27.96923835,28.01795418,28.12999478,28.2432119,27.96138179,27.96593428,28.32551733,28.21718222
43,Batu Bara,27.82169831,27.38836532,27.55015766,27.65157267,27.68490581,27.76336532,28.08003193,27.56682417,27.58695015,28.0036167,27.87515773
44,Bekasi,27.71354199,27.52946456,27.74389923,27.7566969,27.60223253,27.57336366,27.58020877,27.713542,27.68020885,27.8331848,27.65372081
45,Belitung,27.61124461,27.41663748,27.5636973,27.65633907,27.57251815,27.72497067,27.83624452,27.65339871,27.66712501,27.89506549,27.79163743
46,Belitung Timur,27.67652127,27.48514737,27.65974011,27.74557454,27.65915607,27.81224457,27.9294961,27.73602034,27.75606596,27.97553146,27.88013614
47,Belu,25.44480135,25.02298562,25.23404437,25.60298392,25.50237895,25.50631575,25.98813278,25.58389387,25.50980411,25.60586249,25.76025925
48,Bener Meriah,25.82799676,25.40617995,25.6029967,25.68183563,25.67350218,25.74850214,26.05365209,25.59016884,25.58951342,25.99531886,25.87350216
49,Bengkalis,27.98764788,27.62576451,27.73565899,27.86297828,27.90566243,27.97332401,28.24380193,27.77171489,27.82001028,28.23963682,28.08326716
50,Bengkayang,26.86198412,26.63215409,26.79909148,26.96245893,26.80705089,27.06963586,27.30555411,26.93432987,26.9435134,27.21623462,27.10405825
51,Bengkulu Selatan,25.79456693,25.59965094,25.58468018,25.64626084,25.53482312,25.72747625,25.77309963,25.69894333,25.66744653,25.9468254,25.77196808
52,Bengkulu Tengah,27.18681931,26.97631916,26.98298612,27.02598548,27.01448606,27.13715266,27.1874862,27.0423187,27.01581897,27.28465272,27.20848609
53,Bengkulu Utara,26.87981143,26.67417599,26.68731344,26.71386289,26.72072421,26.83652961,26.90365089,26.7117038,26.70657966,26.9886949,26.93361627
54,Berau,26.23257406,26.22154413,26.38910494,26.4378031,26.30653058,26.59062829,26.87603639,26.48374532,26.54492342,26.67394984,26.590391
55,Biak Numfor,26.97299142,26.60869581,26.70402674,26.72837989,26.83175679,26.8414551,26.73592435,26.70453085,26.81810749,26.79332183,26.76056233
56,Bima,25.96747248,25.70407016,25.84915788,25.89628666,25.9721216,25.83349691,26.05190005,25.87250834,25.54882269,25.63210704,26.15398043
57,Bintan,27.87124057,27.60018337,27.70493151,27.83235013,27.83611301,27.97607786,28.15627377,27.78306774,27.81971678,28.18647257,28.01299467
58,Bireuen,27.58383326,27.18063791,27.36193486,27.45224505,27.4436202,27.49798388,27.797981,27.38315229,27.34575477,27.72763301,27.62482133
59,Blitar,27.30331371,27.03204238,27.28870751,27.29831712,27.23870757,27.14821883,27.27145293,27.21547382,27.06596413,27.12155813,27.48458671
60,Blora,27.68228704,27.4472402,27.71054893,27.7008782,27.64245213,27.54542218,27.69427204,27.64647606,27.51975069,27.5608423,27.81313293
61,Boalemo,23.24692047,23.43680846,23.49261353,23.40722004,23.46920523,23.63765059,23.86826816,23.49673305,23.67987905,23.67117079,23.62145209
62,Bogor,26.54902152,26.36461301,26.54050026,26.59264851,26.41423538,26.39802052,26.39069642,26.53482046,26.50262523,26.66014564,26.46512277
63,Bojonegoro,27.8094441,27.56206437,27.81785767,27.81079414,27.76468307,27.66944551,27.8191275,27.7466674,27.61785743,27.66166752,27.94769836
64,Bolaang Mongondow,23.76417321,24.01012555,24.0472087,23.94078033,24.02857777,24.14744669,24.40452961,24.01786379,24.24333973,24.17691119,24.17768463
65,Bolaang Mongondow Selatan,24.14897997,24.38566338,24.41762207,24.32449517,24.38892767,24.49545658,24.73884098,24.38488999,24.59451169,24.53488985,24.53806859
66,Bolaang Mongondow Timur,23.12433523,23.37300179,23.42483512,23.30750186,23.38916835,23.49616841,23.74066847,23.38533519,23.59250185,23.5176684,23.54033505
67,Bolaang Mongondow Utara,23.81145872,24.04479213,24.09583367,23.97812519,24.06979211,24.19947965,24.45677123,24.0531254,24.28541709,24.23645871,24.22343796
68,Bombana,26.49516149,26.46700869,26.3505019,26.38813619,26.61014208,26.51281084,26.4728297,26.46476876,26.30975826,26.31155908,26.51688987
69,Bondowoso,26.41629206,26.14162804,26.38559263,26.40894739,26.39348593,26.27639051,26.39556952,26.31991485,26.08450017,26.17222315,26.61607562
70,Bone,26.49732214,26.37548141,26.38791316,26.4192126,26.57808991,26.4595991,26.52256674,26.44844351,26.23912266,26.26046898,26.60017781
71,Bone Bolango,23.5275014,23.76043298,23.80792255,23.69456934,23.77217937,23.90661724,24.14557255,23.76575417,23.98111505,23.94145659,23.91946862
72,Bontang,,,,,,,,,,,
73,Boven Digoel,26.98954318,26.78161342,26.83089076,26.81263823,26.88546718,26.86683593,26.78341708,26.79456938,26.86467319,26.91147556,26.91561266
74,Boyolali,27.15317869,26.89603396,27.17342037,27.17275739,27.10186151,26.98876538,27.13043516,27.10675245,26.99484658,27.03850431,27.26257374
75,Brebes,27.00008751,26.77389976,27.0366966,27.02617937,26.92171573,26.85495346,26.90872748,26.96884229,26.89215652,26.99483867,27.03520219
76,Buleleng,25.85042247,25.58185687,25.81329148,25.8536924,25.84082314,25.69599193,25.85675147,25.75063322,25.46983159,25.54092866,26.05432527
77,Bulukumba,26.24462909,26.09251419,26.11526252,26.14330798,26.31698492,26.18907645,26.27849164,26.18391612,25.93960578,25.98100768,26.36195274
78,Bulungan,26.49275442,26.48315443,26.65048215,26.71844799,26.56427316,26.87929476,27.19048793,26.75201829,26.83123747,26.96637714,26.88422606
79,Bungo,27.49468146,27.20477255,27.252344,27.32265461,27.38618007,27.4568261,27.59987549,27.29145679,27.30079575,27.67026921,27.57696865
80,Buol,24.23891993,24.37842027,24.45058685,24.40303142,24.39758617,24.58236361,24.83702879,24.47219744,24.59853013,24.63541887,24.59514113
81,Buru,24.80289917,24.87068878,24.79358033,24.80876727,24.89600038,24.8574246,24.78712592,24.82525593,24.82758513,24.80849904,24.79917808
82,Buru Selatan,24.67267218,24.74036978,24.66857578,24.69906682,24.78072897,24.7411095,24.67452881,24.70670443,24.69995277,24.67797854,24.67350728
83,Buton,26.07079966,26.1117666,25.95152506,25.97531871,26.2148785,26.13797016,26.03224512,26.06939517,25.92983786,25.93104151,26.06768537
84,Buton Selatan,25.87098158,25.87502526,25.72401422,25.76365914,25.98335835,25.91568092,25.83764854,25.85633655,25.70633649,25.72199249,25.89294928
85,Buton Tengah,26.3306161,26.32427569,26.18442066,26.21594235,26.4505439,26.3641307,26.29347838,26.30452933,26.1588773,26.16068876,26.34311639
86,Buton Utara,25.7422416,25.81942515,25.64262272,25.65549996,25.89962862,25.81468487,25.70009728,25.7402527,25.62643133,25.61932703,25.7174271
87,Ciamis,26.31550657,26.0936984,26.34081748,26.35162046,26.23135374,26.1610872,26.18742282,26.27579806,26.21088215,26.31160417,26.32620601
88,Cianjur,25.5930037,25.38591569,25.5977688,25.6187311,25.46640482,25.41987207,25.40848619,25.57038403,25.51640007,25.64631913,25.52970184
89,Cilacap,27.12002895,26.88173191,27.14218395,27.13787346,27.03158573,26.95212918,26.99598759,27.07493724,26.98553558,27.08269073,27.15321607
90,Cirebon,27.239558,27.01978415,27.27218507,27.26173307,27.15269337,27.09704401,27.14323065,27.21611182,27.15043408,27.25876745,27.23645003
91,Dairi,25.37090463,24.97728808,25.12515957,25.23047884,25.26682787,25.32214632,25.60565661,25.14785522,25.15583405,25.57196869,25.43703905
92,Deiyai,24.54771192,24.19425635,24.28073997,24.29161392,24.39466282,24.35299604,24.25807645,24.24994695,24.36447971,24.44161355,24.4749468
93,Deli Serdang,27.14349478,26.73134697,26.89377508,26.99801356,27.01870685,27.08946825,27.40126099,26.91044196,26.91468037,27.33544192,27.21468009
94,Demak,27.42795772,27.19321661,27.47088741,27.46333949,27.38959542,27.30548369,27.42245773,27.40893987,27.29604597,27.34887586,27.54226671
95,Dharmasraya,27.55010597,27.24325993,27.2950461,27.37641546,27.441535,27.51516546,27.67832168,27.34010601,27.35326073,27.74290466,27.63718952
96,Dogiyai,24.51289032,24.1397089,24.23875607,24.2683689,24.36405435,24.33179956,24.24526499,24.21988131,24.33905305,24.40546146,24.45066619
97,Dompu,26.03753884,25.78596904,25.95175315,25.97640076,26.05495882,25.89859322,26.10596496,25.9414259,25.61602046,25.6878035,26.23862955
98,Donggala,25.51721052,25.5607044,25.57166186,25.58623756,25.6249793,25.70672301,25.77004014,25.6228915,25.61834394,25.66173799,25.64629845
99,Empat Lawang,26.12835668,25.91306588,25.91933597,25.96612421,25.90810009,26.08760874,26.13325183,25.99525149,25.9772856,26.2569501,26.13890967
100,Ende,25.06619887,24.85515003,24.82603024,24.9343638,25.09185426,25.04765951,25.20955111,25.01591826,24.79073094,24.88764068,25.16985051
101,Enrekang,25.21366311,25.15005145,25.11610484,25.15654983,25.28988427,25.22423714,25.24313621,25.17951852,25.03318247,25.05310017,25.27138478
102,Fakfak,26.75020765,26.38785238,26.48511537,26.51604713,26.60083459,26.57737343,26.50642746,26.47542463,26.57601659,26.64971943,26.6891546
103,Flores Timur,25.63351439,25.48392553,25.46952035,25.59338752,25.72615652,25.67615657,25.78189134,25.65285391,25.53667293,25.56126149,25.73739889
104,Garut,24.87906373,24.66954825,24.89007329,24.90343935,24.76190533,24.69896954,24.71358327,24.83211166,24.7803109,24.887279,24.83882557
105,Gayo Lues,24.24100233,23.83681781,24.01170315,24.09275986,24.101057,24.16551722,24.47545525,24.00101814,24.00595137,24.40714711,24.27646515
106,Gianyar,26.07860996,25.81194315,26.04527122,26.07028235,26.07027683,25.92027674,26.09527677,25.97859911,25.67444614,25.7327904,26.28277405
107,Gorontalo,24.28555786,24.50500251,24.54706579,24.45270056,24.52206592,24.68420847,24.92762107,24.53722451,24.73936727,24.72643057,24.67651014
108,Gorontalo Utara,23.93370399,24.14805602,24.19777822,24.10175952,24.1704634,24.33203738,24.57685229,24.18527814,24.388519,24.37277806,24.32703752
109,Gowa,25.64673334,25.50441962,25.55219795,25.58219743,25.71145666,25.57766074,25.69173421,25.58729044,25.34099482,25.37978989,25.78136369
110,Gresik,28.01072177,27.76225156,28.01556321,28.02742023,27.99787637,27.92722207,28.05766142,27.96317637,27.82191131,27.89871294,28.19394543
111,Grobogan,27.48140349,27.23176306,27.50959784,27.50356977,27.437258,27.33052361,27.47697437,27.44257919,27.32272077,27.36899702,27.60179413
112,Gunung Kidul,27.02611734,26.77415001,27.03641685,27.04289737,26.96153152,26.84556226,26.97750726,26.96211922,26.84615118,26.87531395,27.13224662
113,Gunung Mas,26.43889507,26.29021387,26.51420429,26.61264356,26.47616463,26.67535294,26.9188673,26.60626676,26.56660177,26.74133962,26.73333312
114,Halmahera Barat,25.27826437,25.32383971,25.37516478,25.34935465,25.35872089,25.42014862,25.51564941,25.35628627,25.45355607,25.39987127,25.3913168
115,Halmahera Selatan,25.51066699,25.49621226,25.49949858,25.48799165,25.52503445,25.52717123,25.53302338,25.49276159,25.55631125,25.5501489,25.54712292
116,Halmahera Tengah,25.65386603,25.63649836,25.66205863,25.64518171,25.6689217,25.70484581,25.73642811,25.66135814,25.71626052,25.69966396,25.68656848
117,Halmahera Timur,25.34201079,25.33777909,25.36858545,25.3599565,25.37107872,25.41103947,25.45588841,25.37445831,25.42120967,25.39155182,25.37258939
118,Halmahera Utara,25.14850781,25.18393806,25.24236641,25.21611959,25.22854535,25.28592639,25.38253101,25.22520041,25.31811244,25.26112944,25.24955365
119,Hulu Sungai Selatan,26.7661482,26.6635439,26.81635631,26.89271062,26.80583551,26.85125304,27.09635661,26.86250269,26.73844052,26.84125306,26.93552379
120,Hulu Sungai Tengah,26.33620794,26.24432175,26.39300541,26.45583477,26.38193137,26.43324926,26.66340153,26.42875234,26.31658266,26.41373202,26.50649425
121,Hulu Sungai Utara,26.97181648,26.86295097,27.01667446,27.09149633,27.01064641,27.10018946,27.32501016,27.07341263,26.98600492,27.09628923,27.17447922
122,Humbang Hasundutan,25.10948557,24.72814025,24.8563511,24.97630503,24.99304833,25.07806364,25.35298704,24.89281884,24.9032166,25.31965396,25.17477631
123,Indragiri Hilir,28.09037111,27.799672,27.88971488,27.9631075,28.0078418,28.11373061,28.28266159,27.92390118,27.96825842,28.34471877,28.19133855
124,Indragiri Hulu,27.96115681,27.65388813,27.72279152,27.81341995,27.86304709,27.95942637,28.13077948,27.77188625,27.80452737,28.19603466,28.05609785
125,Indramayu,27.47472777,27.26983605,27.50909552,27.51846412,27.39079963,27.34251882,27.37473978,27.44621147,27.41863705,27.54183588,27.45325272
126,Intan Jaya,21.86957037,21.51784405,21.59907412,21.58219537,21.70702697,21.6648154,21.5238619,21.53236353,21.66552863,21.73960478,21.76439244
127,Jayapura,26.88794945,26.58580598,26.64092692,26.63222132,26.73701647,26.71352114,26.57652623,26.57661968,26.706958,26.77198035,26.78375866
128,Jayawijaya,20.76664387,20.45763054,20.51406716,20.50566609,20.61406726,20.58263066,20.44929729,20.45383721,20.58263066,20.64963745,20.66210405
129,Jember,26.57434312,26.28441569,26.5348185,26.5549577,26.54182182,26.40710173,26.54367323,26.46057164,26.24396395,26.32052799,26.75999347
130,Jembrana,26.40173665,26.13246576,26.36840308,26.40833365,26.3916669,26.25086839,26.40000041,26.31666719,26.03680587,26.10434066,26.6092018
131,Jeneponto,25.83389938,25.68216755,25.72452901,25.75751479,25.8903271,25.75109234,25.87174951,25.7595993,25.50578268,25.5571674,25.96324249
132,Jepara,27.63406055,27.41373078,27.68406061,27.6733922,27.60306222,27.53273239,27.64807042,27.62572698,27.51373055,27.57540542,27.75306211
133,Jombang,27.24825255,26.99647149,27.24319535,27.25331003,27.20302386,27.10986214,27.2396333,27.17980498,27.03308119,27.1033099,27.41670049
134,Kaimana,26.04948506,25.6615531,25.78275235,25.83619939,25.91240647,25.88694183,25.83557766,25.77966917,25.89468399,25.9602395,26.01782945
135,Kampar,27.63058146,27.2705229,27.36636598,27.48481645,27.52846379,27.59540478,27.83865917,27.40603244,27.44240497,27.86626759,27.71375779
136,Kapuas,26.78331786,26.64104278,26.83772733,26.93119315,26.80491342,26.95233986,27.1971492,26.90765974,26.84458495,26.98997831,27.02807289
137,Kapuas Hulu,25.4139185,25.26719178,25.5035153,25.62387349,25.4404808,25.73311791,25.96985865,25.61341737,25.62563651,25.85382719,25.71514454
138,Karang Asem,25.3072147,25.05863459,25.2788476,25.29657743,25.30366882,25.1536689,25.32920015,25.20171649,24.89657765,24.96466495,25.51732084
139,Karanganyar,27.01691321,26.77892643,27.03144931,27.03842486,26.96555764,26.85780469,26.99191546,26.9676891,26.84656547,26.88707037,27.14462508
140,Karawang,27.56556927,27.38101741,27.59768428,27.60804966,27.46435029,27.42410723,27.43549067,27.55947302,27.52776723,27.67512575,27.50865896
141,Karimun,28.2455801,27.94558058,28.0505973,28.14864126,28.19404974,28.29294415,28.48928726,28.10518918,28.1454102,28.52627748,28.36241641
142,Karo,25.58229577,25.18114098,25.33757601,25.44425912,25.46637262,25.53031583,25.81793895,25.35539823,25.36331917,25.77957331,25.65605712
143,Katingan,26.52258447,26.37309234,26.59606821,26.68909135,26.54803967,26.70083952,26.9569577,26.6653613,26.61311597,26.77261189,26.79017494
144,Kaur,26.01196087,25.82732038,25.80065546,25.89340408,25.72160148,25.95702963,25.96326806,25.95304153,25.91941686,26.19673675,25.9846408
145,Kayong Utara,27.54632667,27.34333619,27.56375118,27.6913827,27.53201247,27.75019509,27.9508334,27.65892693,27.65553755,27.90422239,27.8257131
146,Kebumen,27.36914456,27.10612537,27.38164694,27.36237553,27.29049976,27.19050154,27.27123113,27.29987538,27.22695896,27.28789634,27.43216637
147,Kediri,26.90908454,26.65616275,26.903565,26.91731018,26.85356529,26.76460424,26.88657447,26.84220178,26.6898206,26.76438816,27.08127085
148,Keerom,26.62893199,26.35146085,26.42311422,26.40220581,26.51084677,26.47720803,26.3519477,26.35387547,26.46668618,26.53170791,26.54081352
149,Kendal,26.46133006,26.20957437,26.49434634,26.47511937,26.3975503,26.31678633,26.42175529,26.41566478,26.33457409,26.40589299,26.55364078
150,Kepahiang,25.84021705,25.62417547,25.62542566,25.67417521,25.62938452,25.79084234,25.84188457,25.6906335,25.6806336,25.95542574,25.8510506
151,Kepulauan Anambas,27.85000038,27.57500029,27.70833365,27.88333352,27.78333362,27.95833349,28.15000041,27.77500041,27.80833387,28.15833362,28.01666673
152,Kepulauan Aru,26.86684148,26.43179718,26.67028958,26.89555639,26.82599989,26.84979499,27.10309284,26.84006061,26.88997464,26.92712748,27.06161139
153,Kepulauan Mentawai,27.81715618,27.56298847,27.60898732,27.67935465,27.71788411,27.7880888,27.90282939,27.62873535,27.62101758,27.97381758,27.89851755
154,Kepulauan Meranti,28.06182087,27.71899139,27.83401126,27.93585169,27.97606539,28.07369131,28.30140389,27.88062039,27.92906855,28.31816788,28.16264424
155,Kepulauan Sangihe,26.49523849,26.58839319,26.80000051,26.64017891,26.66994081,26.89672665,27.18809542,26.68511931,26.97500064,26.93660779,26.92976272
156,Kepulauan Selayar,26.64908658,26.48602693,26.5131461,26.52981278,26.70872946,26.5832296,26.6933605,26.58322943,26.3324202,26.38192009,26.79336051
157,Kepulauan Seribu,27.64992006,27.46033823,27.63532664,27.70616876,27.50616879,27.53951364,27.52492583,27.65408985,27.62909553,27.81659807,27.58117453
158,Kepulauan Sula,26.02159649,26.15819814,26.07306999,26.06506236,26.16506068,26.12380389,26.06939527,26.09594463,26.10093057,26.07127267,26.06285844
159,Kepulauan Talaud,26.34166733,26.35833359,26.55833356,26.44166708,26.4500006,26.65000025,26.89166705,26.49166711,26.75000032,26.65000025,26.59166702
160,Kepulauan Yapen,26.48688848,26.12919622,26.20483729,26.21620087,26.32366011,26.31684179,26.19201675,26.17838032,26.30338043,26.32873,26.3139865
161,Kerinci,25.55374728,25.28308274,25.32766084,25.38040168,25.42777777,25.53137137,25.6373684,25.34415687,25.35328913,25.70215064,25.6339392
162,Ketapang,27.18010116,26.99841897,27.23155761,27.33887514,27.17782111,27.37260816,27.58730395,27.31153727,27.30410855,27.50522403,27.46129675
163,Klaten,27.16324838,26.91175288,27.1715814,27.17692346,27.09508601,26.98290636,27.11709446,27.11025669,26.99957312,27.02307722,27.26175239
164,Klungkung,26.58075551,26.32172699,26.54290802,26.56547977,26.57624155,26.42624153,26.60506053,26.48318427,26.1654796,26.2213845,26.79221289
165,Kolaka,25.40659959,25.40246567,25.27871986,25.31380609,25.52740312,25.42965953,25.37100824,25.37677835,25.22433458,25.22853114,25.42176189
166,Kolaka Timur,24.80673945,24.81551434,24.6855948,24.72024197,24.93637305,24.84553721,24.76726639,24.78700908,24.6422743,24.64056553,24.81131895
167,Kolaka Utara,24.24119896,24.27141174,24.1465727,24.17414526,24.38980723,24.30474368,24.22190821,24.24847548,24.11660259,24.10357029,24.25624271
168,Konawe,25.07335923,25.1254514,24.9662347,24.98907915,25.2225164,25.13519471,25.03042792,25.07050335,24.94261406,24.93636208,25.05994335
169,Konawe Kepulauan,25.85023271,25.95717762,25.75555739,25.76898302,26.00578864,25.92199256,25.77106685,25.85393686,25.75694609,25.7418998,25.79884413
170,Konawe Selatan,26.63863098,26.68881304,26.51992677,26.5349175,26.78781627,26.69945569,26.59103118,26.63002633,26.49859548,26.49112247,26.62404736
171,Konawe Utara,25.25402786,25.33219315,25.16019316,25.18140267,25.4147737,25.32662247,25.21457704,25.26228516,25.14024949,25.13381086,25.24447225
172,Kota Ambon,26.98333343,26.89166721,26.93333387,27.00833384,26.99166711,26.98333375,27.05833371,26.98333391,27.03333394,27.00833368,27.04166714
173,Kota Balikpapan,27.5951151,27.52844863,27.65660945,27.69166702,27.63017269,27.77586268,27.9482761,27.71580503,27.65086228,27.76580493,27.79080503
174,Kota Banda Aceh,28.21666686,27.85000022,28.01666737,28.10000038,28.08333381,28.11666679,28.36666695,28.03333362,28.00000016,28.30000051,28.23333391
175,Kota Bandar Lampung,27.19280617,27.02718039,27.02926192,27.20009859,26.94280597,27.1532273,27.11156079,27.23135008,27.20739105,27.46885286,27.15426806
176,Kota Bandung,25.78333362,25.58333381,25.83333365,25.82500029,25.70000029,25.65000073,25.65000025,25.75000016,25.71666702,25.85000022,25.74166727
177,Kota Banjar,26.59038522,26.36666697,26.6224362,26.62500028,26.51410282,26.44038501,26.47820538,26.56282079,26.47756451,26.58461583,26.61859005
178,Kota Banjar Baru,27.03002467,26.90169527,27.08794449,27.168362,27.04919354,27.10169555,27.33252652,27.11544642,26.97669524,27.08211295,27.22460694
179,Kota Banjarmasin,27.10000038,26.98333359,27.1666673,27.25000032,27.12500064,27.18333403,27.40833362,27.20000029,27.05833356,27.16666698,27.29166698
180,Kota Baru,26.85456097,26.75455394,26.88936108,26.95200394,26.89670058,26.9480582,27.12678481,26.91884523,26.80441114,26.89360175,27.02439516
181,Kota Batam,28.01569624,27.72566416,27.82656277,27.95556453,27.96275421,28.08620227,28.27361963,27.90564756,27.9419217,28.31937264,28.13187194
182,Kota Batu,26.29047648,26.00833377,26.2583335,26.28095254,26.24404802,26.1607146,26.26547656,26.20952431,26.04761927,26.13690514,26.48333361
183,Kota Baubau,26.04520275,26.07327681,25.91625846,25.94388785,26.18160979,26.10792482,26.01186937,26.04257303,25.8925732,25.90222132,26.0491475
184,Kota Bekasi,27.74722258,27.55833371,27.75833363,27.80000046,27.61666711,27.61666722,27.61388927,27.74722269,27.71388944,27.88611131,27.67777835
185,Kota Bengkulu,27.71666718,27.50833368,27.51666721,27.55833356,27.55833371,27.66666698,27.71666702,27.57500029,27.54166683,27.80833387,27.74166695
186,Kota Bima,26.04839635,25.79840488,25.93840671,25.98673312,26.05339981,25.91672792,26.12839134,25.95672972,25.63673292,25.71506289,26.22506116
187,Kota Binjai,27.70454596,27.29621231,27.46893968,27.56893974,27.57348537,27.6484853,27.97727305,27.48560634,27.48560657,27.89242432,27.75530318
188,Kota Bitung,24.33116318,24.56727593,24.66171665,24.51588605,24.58255256,24.72491139,24.99157828,24.56935798,24.82143949,24.74157802,24.77491158
189,Kota Blitar,27.42500035,27.15000025,27.40833378,27.4166673,27.35833375,27.26666721,27.39166721,27.33333349,27.18333387,27.23333359,27.60833375
190,Kota Bogor,25.82500029,25.65000041,25.80833371,25.86666727,25.69166708,25.65833378,25.65833378,25.80833371,25.77500057,25.91666714,25.73333391
191,Kota Bukittinggi,26.05833371,25.7000006,25.80833371,25.91666698,25.96666702,26.02500041,26.23333359,25.84166702,25.87500032,26.28333394,26.15000057
192,Kota Cilegon,27.28113074,27.09890907,27.21168502,27.32779792,27.11113334,27.184474,27.14669802,27.28557955,27.27669433,27.47669434,27.1989193
193,Kota Cimahi,25.78333362,25.58333381,25.83333365,25.82500029,25.70000029,25.65000073,25.65000025,25.75000016,25.71666702,25.85000022,25.74166727
194,Kota Cirebon,27.47500038,27.25833368,27.51666705,27.50000048,27.40000025,27.34166686,27.40000041,27.46666718,27.38333352,27.49166695,27.48333375
195,Kota Denpasar,26.9333334,26.66666683,26.90833362,26.9166673,26.92500051,26.77500041,26.95000045,26.85000054,26.52500041,26.56666724,27.14166721
196,Kota Depok,27.76666705,27.57500045,27.76666689,27.82500045,27.62500048,27.64166721,27.63333368,27.76666721,27.73333391,27.91666683,27.69166724
197,Kota Dumai,28.08537312,27.70839059,27.82735855,27.96989801,28.01053319,28.06600969,28.35521521,27.86854843,27.90965993,28.32934264,28.19061139
198,Kota Gorontalo,23.83517243,24.06850577,24.11572773,24.00369066,24.08239423,24.22498682,24.46757907,24.07869077,24.2944312,24.26202376,24.23239429
199,Kota Gunungsitoli,27.15833357,26.83333376,26.93194487,27.04305593,27.07083358,27.11805577,27.37222272,26.95000042,26.97638946,27.35694491,27.22916698
200,Kota Jakarta Barat,27.76666705,27.57500045,27.76666689,27.82500045,27.62500048,27.64166721,27.63333368,27.76666721,27.73333391,27.91666683,27.69166724
201,Kota Jakarta Pusat,27.76666705,27.57500045,27.76666689,27.82500045,27.62500048,27.64166721,27.63333368,27.76666721,27.73333391,27.91666683,27.69166724
202,Kota Jakarta Selatan,27.76666705,27.57500045,27.76666689,27.82500045,27.62500048,27.64166721,27.63333368,27.76666721,27.73333391,27.91666683,27.69166724
203,Kota Jakarta Timur,27.76666705,27.57500045,27.76666689,27.82500045,27.62500048,27.64166721,27.63333368,27.76666721,27.73333391,27.91666683,27.69166724
204,Kota Jakarta Utara,27.76666705,27.57500045,27.76666689,27.82500045,27.62500048,27.64166721,27.63333368,27.76666721,27.73333391,27.91666683,27.69166724
205,Kota Jambi,28.11666695,27.87500032,27.94166708,27.99166695,28.01666705,28.12500032,28.23333375,27.98333343,27.99166695,28.3166674,28.24166679
206,Kota Jayapura,27.56887257,27.28488127,27.34321408,27.32720577,27.4355389,27.41821436,27.27654778,27.27654777,27.39453054,27.45988102,27.47720572
207,Kota Kediri,26.92291679,26.67083366,26.91770849,26.93125051,26.86770876,26.77812526,26.90104222,26.85729199,26.7041672,26.77812536,27.09479187
208,Kota Kendari,26.35692911,26.43281176,26.25254599,26.26307331,26.51175632,26.42052646,26.300789,26.35473923,26.2341265,26.22447686,26.32929505
209,Kota Kotamobagu,23.53333378,23.79166714,23.82500045,23.71666718,23.80833356,23.92500051,24.17500019,23.80000067,24.01666737,23.94166724,23.95000013
210,Kota Kupang,26.40833394,26.04166683,26.20833365,26.49166711,26.45833397,26.45833365,26.81666724,26.43333387,26.35833375,26.51666705,26.57500013
211,Kota Langsa,27.49088497,27.05755697,27.2549888,27.31588508,27.33126767,27.39601617,27.73447528,27.24793939,27.24088507,27.64473188,27.52293419
212,Kota Lhokseumawe,28.59166718,28.12500016,28.35000038,28.40833378,28.41666714,28.46666686,28.80000067,28.33333381,28.30833387,28.73333375,28.62500032
213,Kota Lubuklinggau,26.45833349,26.24166663,26.26666673,26.29166714,26.30000035,26.43333387,26.52500041,26.30000051,26.30000051,26.59166702,26.51666721
214,Kota Madiun,27.11250025,26.87361169,27.11527814,27.12361153,27.06388929,26.96388931,27.09583381,27.06250021,26.9097226,26.9666671,27.27638928
215,Kota Magelang,25.99970687,25.73581596,26.01915549,25.99970666,25.93026466,25.83859786,25.94415552,25.93859782,25.85526443,25.90527749,26.09137357
216,Kota Makassar,26.80151542,26.63939434,26.70984915,26.72878828,26.84053069,26.70719731,26.83712173,26.72272753,26.46666713,26.51439431,26.92159129
217,Kota Malang,26.04700564,25.75533899,26.0091241,26.03412402,26.00155361,25.9068642,26.01443482,25.96367225,25.78564939,25.86974561,26.24322025
218,Kota Manado,24.93881303,25.18047977,25.27399752,25.12538764,25.19529554,25.36427406,25.64760713,25.19066415,25.45408945,25.38094085,25.3989973
219,Kota Mataram,26.60000038,26.35833391,26.55833387,26.57500045,26.60833359,26.44166708,26.64166689,26.50833384,26.16666698,26.22500022,26.80833371
220,Kota Medan,27.77345375,27.364033,27.52961204,27.63069957,27.64845391,27.72236625,28.03794547,27.54627893,27.5473664,27.97127883,27.84736623
221,Kota Metro,27.3250006,27.15833394,27.15833362,27.33333397,27.07500045,27.29166714,27.25000064,27.36666727,27.34166733,27.60833359,27.29166698
222,Kota Mojokerto,27.99166695,27.75000032,27.99166711,27.99166679,27.96666702,27.85833391,28.00833352,27.93333371,27.79166698,27.84166686,28.15000057
223,Kota Padang,27.10869363,26.78641379,26.86311462,26.95818315,26.99814903,27.07978121,27.26209541,26.89168619,26.91056383,27.30223079,27.19457753
224,Kota Padang Panjang,26.05833371,25.7000006,25.80833371,25.91666698,25.96666702,26.02500041,26.23333359,25.84166702,25.87500032,26.28333394,26.15000057
225,Kota Padangsidimpuan,26.65000025,26.27500041,26.39166705,26.51666705,26.57500029,26.61666727,26.90000041,26.43333371,26.47500054,26.87500032,26.75000032
226,Kota Pagar Alam,24.83300839,24.6305563,24.61879356,24.68178194,24.56413869,24.76536502,24.80580535,24.73888921,24.69844849,24.98178195,24.80580544
227,Kota Palangka Raya,27.00883846,26.86860852,27.05912512,27.15179706,27.03735831,27.18118326,27.42040685,27.13441311,27.08297818,27.23621292,27.27845261
228,Kota Palembang,27.93804999,27.72138324,27.7652282,27.85181869,27.77066382,27.95689507,28.00689479,27.88551193,27.87971627,28.1764592,27.9960234
229,Kota Palopo,25.74166717,25.73684848,25.65658445,25.68684867,25.83772324,25.78904333,25.75438996,25.72325143,25.62150213,25.63816892,25.75745921
230,Kota Palu,25.82043045,25.85914027,25.85376377,25.87150575,25.94032274,25.97983904,25.99650607,25.9131723,25.87983884,25.91935526,25.91317246
231,Kota Pangkal Pinang,27.64166721,27.45833397,27.55000035,27.66666683,27.56666708,27.70833365,27.82500029,27.65000025,27.64166705,27.90833362,27.77500025
232,Kota Parepare,26.48544073,26.38127601,26.38335653,26.42710749,26.55210749,26.45836051,26.51044075,26.45627252,26.25211139,26.27086222,26.5833528
233,Kota Pariaman,27.49166711,27.15833362,27.24166711,27.34166718,27.37500048,27.45833365,27.65000057,27.26666705,27.29166683,27.68333387,27.5750006
234,Kota Pasuruan,26.10000038,25.80833387,26.05833356,26.08333333,26.05833371,25.97500038,26.07500029,26.01666721,25.85000006,25.94166708,26.30000035
235,Kota Payakumbuh,26.53333378,26.18333356,26.27500025,26.37500064,26.42500003,26.49166711,26.70833381,26.31666708,26.34166718,26.75000048,26.60833359
236,Kota Pekalongan,27.93333371,27.70833349,27.97500022,27.96666686,27.87500016,27.80833371,27.89166705,27.90000025,27.85000038,27.90833378,28.01666689
237,Kota Pekanbaru,27.81145914,27.44531368,27.54765725,27.6695321,27.70703244,27.77838623,28.0361985,27.58932378,27.62552184,28.05208418,27.90026126
238,Kota Pematang Siantar,26.53153428,26.10986901,26.26820259,26.3707016,26.39820069,26.47903507,26.79570179,26.28486905,26.31320419,26.72403661,26.59903654
239,Kota Pontianak,27.63333379,27.40000047,27.58055592,27.73055596,27.57777818,27.83333386,28.0388892,27.70277823,27.7111116,28.00277821,27.89444484
240,Kota Prabumulih,27.79702259,27.56902058,27.60002451,27.68868947,27.58369418,27.78602368,27.83369424,27.72202267,27.70802176,27.99135511,27.82502458
241,Kota Probolinggo,27.30833371,27.02500025,27.258334,27.26666721,27.27500025,27.16666698,27.29166714,27.19166692,27.02500057,27.11666711,27.50000016
242,Kota Sabang,28.21666686,27.85000022,28.01666737,28.10000038,28.08333381,28.11666679,28.36666695,28.03333362,28.00000016,28.30000051,28.23333391
243,Kota Salatiga,26.48333383,26.22083378,26.50833368,26.49583364,26.42916719,26.32500037,26.45416705,26.43333387,26.33333357,26.39166729,26.58750049
244,Kota Samarinda,27.68397569,27.65107045,27.77243852,27.80940383,27.73846331,27.92179679,28.11453335,27.83867745,27.81816487,27.92671221,27.91816485
245,Kota Sawah Lunto,26.3166674,26.00833368,26.05833387,26.15000073,26.21666718,26.27500025,26.46666733,26.10833391,26.11666679,26.50833368,26.39166705
246,Kota Semarang,26.7640279,26.51243422,26.79640452,26.78038211,26.70377365,26.62044752,26.73198429,26.72172887,26.63454965,26.70570793,26.86178618
247,Kota Serang,27.59402209,27.40314994,27.53568886,27.6364831,27.44402232,27.48966039,27.45632708,27.57299374,27.57299371,27.77299382,27.49878819
248,Kota Sibolga,26.93333371,26.56666708,26.69166708,26.81666708,26.84166702,26.90833394,27.17500035,26.71666686,26.75000048,27.14166721,27.00000048
249,Kota Singkawang,27.23269248,27.00448737,27.14166667,27.30320524,27.14487182,27.40576912,27.63974364,27.26730769,27.26666657,27.54999995,27.44102565
250,Kota Solok,26.3166674,26.00833368,26.05833387,26.15000073,26.21666718,26.27500025,26.46666733,26.10833391,26.11666679,26.50833368,26.39166705
251,Kota Sorong,26.90000041,26.60833359,26.69166692,26.69166708,26.79166698,26.79166714,26.70833365,26.67500035,26.77500025,26.74166711,26.74166679
252,Kota Subulussalam,26.78567588,26.41641412,26.56450109,26.66682355,26.70166041,26.75206985,27.05302628,26.58909172,26.5858129,27.00808087,26.85712451
253,Kota Sukabumi,25.82500029,25.65000041,25.80833371,25.86666727,25.69166708,25.65833378,25.65833378,25.80833371,25.77500057,25.91666714,25.73333391
254,Kota Sungai Penuh,26.83333381,26.58333397,26.62500032,26.6666673,26.70833365,26.81666724,26.90833362,26.63333384,26.63333352,26.98333406,26.93333387
255,Kota Surabaya,28.03333362,27.75833384,28.01666673,28.03333362,28.02500025,27.94166724,28.05000019,27.9500006,27.80833371,27.90833362,28.24166727
256,Kota Surakarta,27.25000048,27.00000079,27.25833352,27.26666705,27.18333387,27.06666708,27.20833381,27.20000029,27.08333381,27.10833359,27.35000022
257,Kota Tangerang,27.76666705,27.57500045,27.76666689,27.82500045,27.62500048,27.64166721,27.63333368,27.76666721,27.73333391,27.91666683,27.69166724
258,Kota Tangerang Selatan,27.76666705,27.57500045,27.76666689,27.82500045,27.62500048,27.64166721,27.63333368,27.76666721,27.73333391,27.91666683,27.69166724
259,Kota Tanjung Balai,27.96384191,27.53606483,27.69717518,27.8055112,27.81661865,27.90550851,28.2166188,27.7138417,27.74439795,28.15550846,28.02773157
260,Kota Tanjung Pinang,28.00512853,27.72820557,27.82500037,27.94166707,27.94166694,28.08141065,28.25000043,27.90512866,27.94166709,28.31025685,28.11666694
261,Kota Tarakan,27.29166698,27.30833371,27.48333359,27.52500057,27.39166705,27.70833381,28.02500041,27.56666708,27.65833362,27.77500057,27.70833365
262,Kota Tasikmalaya,25.94166708,25.72500054,25.96666702,25.98333359,25.85833391,25.79166714,25.80833371,25.90000057,25.8500007,25.95000045,25.94166708
263,Kota Tebing Tinggi,27.50000016,27.06666724,27.22500038,27.33333365,27.36666679,27.44166724,27.75833384,27.24166695,27.258334,27.67500035,27.55000051
264,Kota Tegal,28.08333381,27.85833391,28.12500048,28.11666711,28.00833384,27.9500006,28.02500041,28.04166714,27.98333359,28.10000054,28.14166705
265,Kota Ternate,25.89355545,25.95765797,25.99996542,25.97496543,25.97752946,26.01983685,26.12047742,25.96663201,26.05829864,26.03329872,26.02240104
266,Kota Tidore Kepulauan,25.62983241,25.65597236,25.68755106,25.67290151,25.68097237,25.72342826,25.78719943,25.67211232,25.73904212,25.72544596,25.72009492
267,Kota Tomohon,24.08333365,24.32500029,24.40833362,24.27500041,24.35000038,24.48333359,24.76666705,24.32500045,24.58333349,24.50000048,24.5333333
268,Kota Tual,26.90833378,26.50000032,26.72500006,26.98333375,26.88333384,26.90833378,27.21666733,26.92500019,26.95833365,26.99166711,27.12500048
269,Kota Yogyakarta,26.76666737,26.50833384,26.77500025,26.76666705,26.69166724,26.60000022,26.70000029,26.70000029,26.61666711,26.63333384,26.85833375
270,Kotawaringin Barat,27.27347059,27.09314398,27.33221861,27.41406481,27.27427724,27.404983,27.64371445,27.38616004,27.33762732,27.4935968,27.52770624
271,Kotawaringin Timur,27.20207193,27.03881743,27.26083395,27.3529873,27.21049444,27.35043847,27.60387724,27.32474843,27.26971881,27.42475949,27.46172466
272,Kuantan Singingi,27.81399095,27.48990824,27.55447263,27.64067305,27.71735496,27.77993126,27.97725622,27.60206435,27.62037487,28.0323402,27.89040516
273,Kubu Raya,27.60794765,27.38796648,27.59010329,27.72773629,27.57828854,27.82468632,28.02379802,27.71106954,27.70343278,27.98345193,27.88369194
274,Kudus,27.55000035,27.3250006,27.60000054,27.59166702,27.51666705,27.44166724,27.55000019,27.54166683,27.42500051,27.47500022,27.66666698
275,Kulon Progo,26.76666737,26.50833384,26.77500025,26.76666705,26.69166724,26.60000022,26.70000029,26.70000029,26.61666711,26.63333384,26.85833375
276,Kuningan,26.84357942,26.62202829,26.8746137,26.87231119,26.76053008,26.69645451,26.73582472,26.81570665,26.74415987,26.85134439,26.85334129
277,Kupang,26.01852611,25.67170529,25.82999105,26.10029888,26.0689521,26.06810903,26.40991588,26.05952309,25.97531524,26.11772443,26.19871145
278,Kutai Barat,26.92769198,26.8365172,27.0058583,27.08527122,26.96891572,27.17692242,27.4122738,27.09234181,27.0665222,27.22068922,27.19585217
279,Kutai Kartanegara,26.65141131,26.59721873,26.74919742,26.81527324,26.70649834,26.93085455,27.15957819,26.83543002,26.83114951,26.97475129,26.91980484
280,Kutai Timur,26.38763536,26.36416902,26.51662187,26.57265788,26.45334593,26.70952919,26.95864958,26.6056415,26.64286131,26.7735402,26.69558778
281,Labuhan Batu,27.70393118,27.30574233,27.44482296,27.5746039,27.5923056,27.65683923,27.96775574,27.47389429,27.50793728,27.92014745,27.77899694
282,Labuhan Batu Selatan,27.72393258,27.33690257,27.45908478,27.59670242,27.63514287,27.68226591,27.98390877,27.49893271,27.53003581,27.95750156,27.81812415
283,Labuhan Batu Utara,27.17592461,26.77352358,26.91972924,27.04152492,27.05391929,27.12389546,27.43799843,26.94195231,26.97581959,27.37998568,27.24937619
284,Lahat,26.40202012,26.19250767,26.19395935,26.25618691,26.15460587,26.3579572,26.40297631,26.30523448,26.2763858,26.55700186,26.40605618
285,Lamandau,26.69464267,26.51424395,26.75740799,26.85462088,26.69461381,26.87445698,27.10858374,26.830677,26.80532626,26.98211713,26.97741985
286,Lamongan,28.00372207,27.76326387,28.00613509,28.00733949,27.97992666,27.88425275,28.0258149,27.94900826,27.80553276,27.86095504,28.16747795
287,Lampung Barat,25.80037786,25.62184811,25.59466131,25.73716899,25.52121287,25.77403837,25.73082646,25.79662999,25.76915962,26.04705398,25.77460623
288,Lampung Selatan,27.23613323,27.0663326,27.1010322,27.25914095,27.01189147,27.17016593,27.13323839,27.25938094,27.24699153,27.47681945,27.1780371
289,Lampung Tengah,27.22209004,27.04510696,27.05192127,27.21413048,26.99462634,27.22651167,27.19512354,27.26173849,27.25348814,27.52056903,27.22568672
290,Lampung Timur,27.5524814,27.38012905,27.41340746,27.56992794,27.35219016,27.52533804,27.49940914,27.58650358,27.57660446,27.82146424,27.52470142
291,Lampung Utara,27.11282855,26.9302516,26.91760194,27.07661634,26.85760378,27.11426974,27.07919624,27.12934411,27.11419129,27.39351109,27.11911871
292,Landak,26.80586279,26.58153574,26.75793347,26.92361671,26.76173751,27.03251892,27.26282389,26.90570745,26.91854371,27.18552118,27.08070748
293,Langkat,26.86405639,26.45634812,26.62698177,26.72091783,26.73026856,26.80388753,27.11861456,26.64223856,26.64089538,27.04785263,26.91517722
294,Lanny Jaya,20.21651775,19.88677666,19.9500126,19.94423988,20.0600364,20.02049223,19.8828012,19.89423985,20.01923998,20.09483904,20.10959974
295,Lebak,26.85949026,26.67411694,26.81979696,26.89324531,26.68725356,26.70824237,26.67119291,26.83580904,26.8222633,27.0106956,26.7445062
296,Lebong,25.84261471,25.61908942,25.65200315,25.65970326,25.69430557,25.80474379,25.88628822,25.65727614,25.66012246,25.94978956,25.90622393
297,Lembata,25.65052543,25.4916024,25.50005333,25.64910095,25.76077093,25.71398162,25.82671356,25.69803071,25.61195913,25.63255173,25.7494553
298,Lima Puluh Kota,26.44675653,26.08366929,26.18036944,26.29647694,26.33741642,26.40760653,26.63031363,26.22052608,26.2535798,26.672987,26.52779681
299,Lingga,27.93943865,27.69484582,27.78244114,27.86513868,27.87646191,28.00858652,28.13606776,27.84923531,27.87512604,28.21895544,28.05820451
300,Lombok Barat,26.46173356,26.22182622,26.42050897,26.44156066,26.47050883,26.3069101,26.50120768,26.3669992,26.03322723,26.09507024,26.67357669
301,Lombok Tengah,26.53434946,26.29514487,26.49432422,26.51099079,26.54432395,26.37683679,26.57601599,26.44350355,26.10265735,26.16181122,26.74350342
302,Lombok Timur,25.14244751,24.91154826,25.11049268,25.11955879,25.16966796,24.99023677,25.18632814,25.04962246,24.704264,24.76840036,25.34962243
303,Lombok Utara,25.93333371,25.71666702,25.90833378,25.92500035,25.95833365,25.78333362,25.97500038,25.85000038,25.51666705,25.58333365,26.15000025
304,Lumajang,26.88239477,26.59715417,26.84604631,26.85819432,26.83540985,26.73269827,26.85538886,26.77837675,26.59153407,26.65971227,27.07426244
305,Luwu,25.53772037,25.51082126,25.43855766,25.47004606,25.62569791,25.55814597,25.54659216,25.50724812,25.38070912,25.39660309,25.55629
306,Luwu Timur,24.54435826,24.63676136,24.48762051,24.51262193,24.71647757,24.65140542,24.55857587,24.57845978,24.49025626,24.47769519,24.55094447
307,Luwu Utara,22.6894578,22.71505284,22.63609824,22.67638126,22.81615465,22.77406373,22.73917738,22.71578817,22.62796416,22.6442353,22.72089842
308,Madiun,27.22172695,26.98064398,27.22465194,27.2306438,27.17260415,27.07377495,27.20857273,27.16938542,27.01924342,27.07435829,27.38195662
309,Magelang,26.21187297,25.94951941,26.22824661,26.21187273,26.14089326,26.0492264,26.15324665,26.14922638,26.06589305,26.10668144,26.30353958
310,Magetan,26.80192341,26.57521428,26.81688061,26.82521412,26.75940234,26.65940201,26.78525686,26.75192338,26.6235046,26.67435933,26.95363292
311,Mahakam Hulu,24.56391634,24.466757,24.67089381,24.76824274,24.61770817,24.88933096,25.14485858,24.76705413,24.78571699,24.98156663,24.86917038
312,Majalengka,26.68984754,26.46631706,26.70798341,26.71092223,26.58592229,26.5329838,26.55651444,26.64131696,26.60504497,26.71190891,26.66925546
313,Majene,24.86906095,24.79596429,24.81628338,24.87359457,24.93602223,24.91160877,24.98470583,24.87812719,24.73500362,24.79728437,24.96701221
314,Malaka,25.64012544,25.20191824,25.41700119,25.81554236,25.68840582,25.69989588,26.19155405,25.75622953,25.68108587,25.80305209,25.93625492
315,Malang,26.28873569,26.00330807,26.25895087,26.28077893,26.23723174,26.13911924,26.25352466,26.20534974,26.02917332,26.10530731,26.47895083
316,Malinau,24.17604202,24.12377155,24.31615507,24.40283832,24.23201673,24.55214016,24.83628396,24.41713016,24.47429338,24.66045087,24.53095207
317,Maluku Barat Daya,25.87883756,25.36780672,25.70214627,26.16653123,25.98032524,26.00909626,26.58242411,26.17445287,26.15882745,26.1367834,26.40564987
318,Maluku Tengah,26.11741947,25.93717517,26.0170227,26.04389796,26.06603947,26.06530252,26.08008805,26.031768,26.07941804,26.10447045,26.14488363
319,Maluku Tenggara,26.90833378,26.50000032,26.72500006,26.98333375,26.88333384,26.90833378,27.21666733,26.92500019,26.95833365,26.99166711,27.12500048
320,Maluku Tenggara Barat,26.55477804,25.94859295,26.35363061,26.82380552,26.62084282,26.66933433,27.28438075,26.76426163,26.78825672,26.78037748,27.05602438
321,Mamasa,23.83655556,23.79449316,23.77286613,23.82663716,23.9186992,23.89528769,23.92167755,23.84607928,23.7226708,23.7554106,23.91076089
322,Mamberamo Raya,27.15083505,26.79868184,26.87803323,26.86216071,26.98530667,26.94462892,26.80989295,26.81622489,26.94520678,27.01575694,27.02922666
323,Mamberamo Tengah,23.88324973,23.56384567,23.62304991,23.61266517,23.724792,23.69058764,23.55638325,23.56558761,23.69058763,23.76266514,23.77640933
324,Mamuju,24.07764842,24.04594226,24.0180648,24.07564744,24.16810622,24.14569025,24.16972989,24.09189823,23.99540146,24.02698294,24.13714526
325,Mamuju Tengah,24.72713588,24.71912675,24.67784847,24.72810639,24.82487638,24.80491483,24.80943588,24.74677504,24.67933474,24.69548394,24.76176012
326,Mamuju Utara,25.2845267,25.29014192,25.26786252,25.30314481,25.38889991,25.39032129,25.3930996,25.32235345,25.2738321,25.29729683,25.3283822
327,Mandailing Natal,26.62483916,26.25719032,26.36172095,26.48497803,26.5445475,26.58770328,26.84153637,26.39857138,26.42553534,26.83957233,26.70969292
328,Manggarai,25.55848349,25.30815326,25.35587356,25.42355646,25.56488209,25.47778275,25.68027198,25.48120527,25.18931506,25.29284419,25.70985204
329,Manggarai Barat,25.80546063,25.54168549,25.62270745,25.68292327,25.80839868,25.71537163,25.94182337,25.7250655,25.42166336,25.52192153,25.96609766
330,Manggarai Timur,25.42744447,25.17957532,25.19263371,25.29419006,25.43602617,25.35543476,25.54370467,25.34788747,25.06722981,25.1685608,25.55598954
331,Manokwari,24.56396647,24.19202716,24.30452803,24.32527611,24.43837163,24.44925684,24.34832158,24.31932554,24.42655228,24.37961253,24.33207721
332,Manokwari Selatan,23.76062812,23.40854372,23.49797863,23.50720654,23.61137329,23.61338249,23.49083891,23.468516,23.59292096,23.60080462,23.58145891
333,Mappi,27.2972963,27.07905317,27.14137806,27.13064032,27.20258519,27.18176237,27.11185712,27.11143104,27.18458568,27.23120325,27.24727364
334,Maros,25.61421785,25.4829701,25.52648796,25.55495887,25.69084063,25.56144405,25.66329238,25.56236663,25.3315847,25.36190688,25.74268584
335,Maybrat,26.351767,26.01317986,26.09929119,26.1117923,26.20514881,26.21577795,26.10225158,26.08105506,26.189388,26.19862697,26.15961582
336,Melawi,26.24719241,26.09612447,26.3343296,26.44885965,26.26351797,26.49490786,26.729181,26.42086816,26.40665898,26.61749327,26.55794116
337,Merangin,26.91872927,26.65987122,26.70208736,26.74825316,26.79652746,26.89753942,26.99329345,26.7262399,26.73520412,27.06355274,27.00672289
338,Merauke,27.20253381,27.04325144,27.11149886,27.14081168,27.1569427,27.15494963,27.16330962,27.12244929,27.16076753,27.17992299,27.21559376
339,Mesuji,27.682954,27.49620668,27.52025387,27.67731586,27.49271725,27.72160468,27.7339097,27.70033112,27.69302888,27.9804907,27.72604967
340,Mimika,25.39204503,25.03799138,25.12631283,25.14804184,25.24235224,25.21441126,25.1170659,25.10290504,25.21507974,25.28710487,25.3234269
341,Minahasa,24.03867223,24.28125031,24.36276072,24.23033894,24.30442743,24.43684921,24.71835976,24.28033901,24.5368491,24.45351606,24.48684897
342,Minahasa Selatan,23.69930672,23.94412682,24.01259431,23.88860823,23.96676179,24.09570242,24.36687255,23.94536617,24.19029701,24.11507186,24.13601735
343,Minahasa Tenggara,23.49518942,23.73685599,23.81264905,23.68308594,23.75808591,23.87633851,24.14082134,23.74439641,23.97633849,23.89677543,23.93010861
344,Minahasa Utara,24.87794561,25.11164208,25.21598778,25.06079642,25.12867096,25.29086667,25.56502125,25.12154449,25.38265452,25.3075334,25.33325848
345,Mojokerto,26.98308621,26.71809444,26.96575926,26.97992083,26.94309332,26.8517541,26.97309734,26.91025793,26.75759569,26.83375381,27.16257986
346,Morowali,25.27565957,25.41483862,25.24388073,25.24611154,25.47201293,25.39555292,25.2843432,25.31217662,25.2485223,25.22618322,25.2795279
347,Morowali Utara,24.39372064,24.53141082,24.40203709,24.40641137,24.59611158,24.54751778,24.4635788,24.46273154,24.42128019,24.41416452,24.4344805
348,Muara Enim,27.22921265,27.01185718,27.02526772,27.10816147,26.99569855,27.20090091,27.24772552,27.15037432,27.13409133,27.41685089,27.2515596
349,Muaro Jambi,28.11473879,27.85690463,27.93208431,27.98383817,28.01313013,28.12765074,28.23434001,27.97364375,27.98179945,28.31892515,28.21734914
350,Mukomuko,26.87436909,26.6428904,26.6708916,26.69275085,26.74260777,26.83818044,26.91999088,26.67832091,26.67032141,26.98456304,26.9500373
351,Muna,26.41627267,26.44150129,26.2837601,26.30637714,26.55042664,26.46314824,26.37706056,26.39901106,26.26367233,26.26173565,26.40711588
352,Muna Barat,26.56540432,26.58181849,26.42525294,26.45202056,26.69191951,26.60530334,26.52878831,26.54873769,26.40858621,26.41035389,26.56565691
353,Murung Raya,25.37268316,25.25532851,25.4690996,25.57469039,25.4217563,25.66691115,25.90974368,25.56565925,25.55504188,25.74565751,25.67520628
354,Musi Banyuasin,28.02880032,27.79702221,27.85586287,27.89586872,27.90211691,28.02846247,28.11667706,27.89976498,27.89708288,28.21026732,28.10884677
355,Musi Rawas,27.44996268,27.23349402,27.25886116,27.28966926,27.28735116,27.42463082,27.49893646,27.30806143,27.29408372,27.5950483,27.5076343
356,Musi Rawas Utara,27.31744113,27.07966419,27.13589829,27.14536919,27.19382016,27.2886889,27.38493541,27.14826079,27.13310967,27.44874503,27.39743595
357,Nabire,25.57449542,25.21751124,25.30531724,25.29848262,25.41132625,25.37761714,25.25449028,25.25206887,25.37894821,25.45200245,25.48147454
358,Nagan Raya,26.25002625,25.87711381,26.03150226,26.13730226,26.11855232,26.18916048,26.47468874,26.03426091,26.04670605,26.40886714,26.28105109
359,Nagekeo,25.17253343,24.93485022,24.93969874,25.04653776,25.19828071,25.13086596,25.32289764,25.11370195,24.87987025,24.95561636,25.30412507
360,Natuna,27.62184934,27.385953,27.52184944,27.6833901,27.54172353,27.80197555,28.04684954,27.6442863,27.6410791,27.94172324,27.85261974
361,Nduga,23.06051783,22.74802957,22.8068753,22.79742939,22.90774853,22.87639986,22.74138152,22.74706846,22.87471489,22.94583596,22.9575988
362,Ngada,25.18477128,24.94110712,24.9451157,25.05449619,25.19817385,25.12580531,25.31587515,25.1134634,24.85418108,24.94457988,25.31135563
363,Nganjuk,27.26335617,27.01658251,27.26241694,27.26953733,27.21456939,27.11860047,27.25220752,27.20408109,27.05422054,27.11537187,27.42665753
364,Ngawi,27.44886439,27.20489813,27.46806885,27.45948897,27.39620462,27.29777504,27.44150031,27.3957234,27.26975804,27.31383824,27.58243394
365,Nias,27.02594639,26.70094654,26.80030549,26.907677,26.93620267,26.98267687,27.23684358,26.81536938,26.83876665,27.22530552,27.0945361
366,Nias Barat,27.21593917,26.89584173,26.99608712,27.10025278,27.13579211,27.17770385,27.41838973,27.00638039,27.03481177,27.40883112,27.28922309
367,Nias Selatan,27.09541629,26.77676583,26.87359081,26.97708321,27.01327379,27.05525789,27.29605096,26.89176611,26.90557531,27.2985909,27.17160713
368,Nias Utara,27.07976234,26.75476253,26.84682575,26.9710321,27.01190541,27.04603206,27.28055582,26.87142931,26.9043655,27.27182578,27.17023856
369,Nunukan,25.26061456,25.23417915,25.43287342,25.49384529,25.33071466,25.6601062,25.97626372,25.52975637,25.61306229,25.75726545,25.66674185
370,Ogan Ilir,27.82867831,27.61376475,27.63255156,27.73905699,27.61559805,27.82509491,27.86084591,27.7803606,27.76815118,28.04673234,27.8639873
371,Ogan Komering Ilir,27.77541351,27.58417492,27.61147243,27.73844694,27.60563367,27.80941304,27.85758253,27.7699119,27.76111422,28.04827451,27.82830563
372,Ogan Komering Ulu,26.82074566,26.61642466,26.61856,26.71678181,26.56856283,26.80443458,26.8190206,26.76688005,26.75544788,27.03578359,26.83278994
373,Ogan Komering Ulu Selatan,25.78751162,25.60301649,25.5894091,25.69954123,25.5142718,25.76255652,25.75427489,25.75588417,25.73417347,26.00991451,25.78052327
374,Ogan Komering Ulu Timur,27.48014423,27.28354393,27.29154166,27.41070153,27.2386497,27.48853795,27.48519319,27.45225043,27.44573317,27.72878342,27.49964889
375,Pacitan,27.06226648,26.81027637,27.07306585,27.05792932,27.00651831,26.88656846,27.02447724,26.98527622,26.8426742,26.890327,27.18997033
376,Padang Lawas,26.94780141,26.56441556,26.6806072,26.81309642,26.86615575,26.90370885,27.18355988,26.71652477,26.75228402,27.17844448,27.0431597
377,Padang Lawas Utara,27.08408198,26.69795612,26.81915515,26.95335845,26.99525531,27.04195739,27.3383396,26.8584409,26.89026387,27.31366147,27.17611588
378,Padang Pariaman,27.04303474,26.70061006,26.79227716,26.89619149,26.93545944,27.00970135,27.20806036,26.8204338,26.84745396,27.2465708,27.12952498
379,Pakpak Bharat,25.77232766,25.38066109,25.51954906,25.63343953,25.66677098,25.72510638,26.00566114,25.5501063,25.55566107,25.97232773,25.83343748
380,Pamekasan,27.75443581,27.48874484,27.73137815,27.75269641,27.7464934,27.6513419,27.77634189,27.68487232,27.50870843,27.58254471,27.94920555
381,Pandeglang,27.38494031,27.20636011,27.30977461,27.41279835,27.17862813,27.24104422,27.17924883,27.3777281,27.3560841,27.55233807,27.25636807
382,Pangandaran,27.19325788,26.95325973,27.19964895,27.20409363,27.07992799,27.0088168,27.04589952,27.12951086,27.05812182,27.14701227,27.19895369
383,Pangkajene Dan Kepulauan,25.88333368,25.75833368,25.80000019,25.82500045,25.96666686,25.84166702,25.93333387,25.83333365,25.61666727,25.64166721,26.00000032
384,Paniai,22.00339461,21.6502683,21.73082473,21.7227935,21.84041653,21.79770819,21.666586,21.67830511,21.80352407,21.87409634,21.90534568
385,Parigi Moutong,24.25970996,24.35383904,24.36577267,24.36861305,24.39380056,24.50563996,24.62287799,24.41510979,24.45014866,24.48824882,24.46924556
386,Pasaman,26.05479765,25.69097445,25.78332705,25.91396437,25.95969952,26.02367023,26.25420912,25.82494494,25.85406253,26.2811214,26.1436213
387,Pasaman Barat,27.34780716,26.99182576,27.07485228,27.19535322,27.2527663,27.30803233,27.53666195,27.11268455,27.13385041,27.54939197,27.43512831
388,Paser,26.84730556,26.77610019,26.89883372,26.9640168,26.9084899,27.01691059,27.20012612,26.95931875,26.89249411,27.00374263,27.05092659
389,Pasuruan,26.2796175,25.98918969,26.236712,26.25923431,26.23918955,26.15214001,26.25585617,26.19132933,26.0246623,26.11632925,26.4783787
390,Pati,27.63686804,27.42172822,27.68170429,27.67794776,27.61820622,27.52888872,27.66292583,27.63287791,27.51210419,27.5542421,27.76351148
391,Pegunungan Arfak,21.64979687,21.28838988,21.38531725,21.40818963,21.51865065,21.51977406,21.41280033,21.37556643,21.49707885,21.47379196,21.44211307
392,Pegunungan Bintang,24.44450256,24.18743065,24.25371244,24.23298572,24.32982952,24.29535237,24.19454989,24.20210153,24.29704031,24.35593948,24.36666934
393,Pekalongan,26.44558228,26.20959343,26.48671706,26.46739487,26.37980445,26.30835266,26.38991329,26.4000191,26.33991612,26.40055524,26.52182537
394,Pelalawan,27.96483359,27.63685081,27.72376672,27.81579004,27.87483678,27.96180165,28.17332895,27.77272893,27.80474892,28.20800813,28.05317664
395,Pemalang,26.92991803,26.69492243,26.96714203,26.94881309,26.84881197,26.78381366,26.85159552,26.8754801,26.82214599,26.9049299,26.99269755
396,Penajam Paser Utara,27.27182904,27.20850808,27.3424878,27.39477684,27.31707537,27.47118582,27.66103461,27.40774651,27.34865051,27.47294734,27.48685395
397,Penukal Abab Lematang Ilir,27.82316895,27.59423114,27.63150218,27.68846203,27.62316889,27.80604433,27.86437789,27.73058658,27.70952423,28.00604447,27.86089787
398,Pesawaran,26.77619166,26.6118613,26.61734488,26.77720889,26.52212643,26.72213648,26.67782799,26.80485446,26.78574755,27.03250371,26.7244728
399,Pesisir Barat,26.06265691,25.88195569,25.85081387,26.0105798,25.76973948,26.02099219,25.96636253,26.06885006,26.04453791,26.30419485,26.01542027
400,Pesisir Selatan,26.48311471,26.20991767,26.25976056,26.32202652,26.36876319,26.45577103,26.5874611,26.27509784,26.28213298,26.65038697,26.56654342
401,Pidie,25.96801284,25.58836045,25.75551393,25.8488975,25.83713328,25.90600595,26.16091059,25.77842883,25.74791733,26.09313993,25.98357761
402,Pidie Jaya,27.58596083,27.21929433,27.38474481,27.50609645,27.4823127,27.54897946,27.80974479,27.42988047,27.37641126,27.72762756,27.6251955
403,Pinrang,25.739589,25.66228062,25.64357361,25.68885017,25.81023903,25.74496553,25.77422172,25.70996229,25.5495049,25.57496676,25.8099582
404,Pohuwato,23.66217325,23.82364889,23.88466879,23.83129891,23.84113524,24.0145867,24.24596138,23.89778341,24.03594334,24.04864811,24.00889415
405,Polewali Mandar,24.90031945,24.8425249,24.83687866,24.8882228,24.97110809,24.94539264,24.98454952,24.91393982,24.76250786,24.79933556,24.98849064
406,Ponorogo,27.05283118,26.81163409,27.06012351,27.06070889,27.00387561,26.89867145,27.02853233,26.99346412,26.85121884,26.90261019,27.20526713
407,Potianak,,,,,,,,,,,
408,Poso,23.42249566,23.49367653,23.40455881,23.43352221,23.57246614,23.54208812,23.47640621,23.46378682,23.41135961,23.41376194,23.44229082
409,Pringsewu,26.37656559,26.20712312,26.18489814,26.35318537,26.09878912,26.35388222,26.29693936,26.39901898,26.39323236,26.65041044,26.35110658
410,Probolinggo,27.04598245,26.76724726,27.00268679,27.01561792,27.01475754,26.90958545,27.02816712,26.93860711,26.75604155,26.84742317,27.24148083
411,Pulang Pisau,27.12638564,26.98250568,27.18011747,27.26724996,27.1456143,27.21937638,27.48418964,27.22576291,27.12876932,27.25182226,27.32570818
412,Pulau Morotai,25.18461581,25.1820519,25.26282095,25.23717995,25.24807742,25.33461562,25.40897472,25.2647441,25.32884664,25.2660261,25.24359038
413,Pulau Taliabu,25.39562141,25.58914679,25.48896746,25.46049013,25.59184439,25.56798371,25.50455533,25.50215673,25.52835611,25.48093402,25.48285251
414,Puncak,22.37457943,22.02608833,22.10802224,22.09175752,22.2151944,22.17061502,22.03145559,22.04226945,22.17207139,22.24801622,22.26710976
415,Puncak Jaya,23.2715856,22.92330771,23.00506083,22.98997429,23.11497424,23.06553324,22.92754535,22.9399743,23.0692119,23.14109218,23.16143735
416,Purbalingga,26.13821178,25.8965453,26.17317094,26.14817113,26.05142327,25.98313055,26.0463417,26.07479693,26.02154521,26.093293,26.19979731
417,Purwakarta,26.21711789,26.0203885,26.24555027,26.25470094,26.11760883,26.06891711,26.0674499,26.19342822,26.15192768,26.28804086,26.16352275
418,Purworejo,27.19444484,26.9310189,27.20277822,27.18935221,27.11944491,27.01759287,27.11250051,27.12268564,27.0495374,27.08657448,27.27083368
419,Raja Ampat,26.49009307,26.22767559,26.3038035,26.30637429,26.38346603,26.39113563,26.31615493,26.29774331,26.38680745,26.37709414,26.3495918
420,Rejang Lebong,26.22516047,26.0087317,26.02790074,26.05611255,26.0543323,26.19278197,26.27040452,26.06515919,26.06373187,26.34849517,26.27183196
421,Rembang,27.72237685,27.51759298,27.76404345,27.76404351,27.71404364,27.62469163,27.76759291,27.7188277,27.58317944,27.63071024,27.86635852
422,Rokan Hilir,28.07564884,27.69042258,27.80596915,27.9500788,27.99078807,28.03950797,28.33653856,27.85108252,27.88676794,28.31133483,28.17215659
423,Rokan Hulu,27.70292938,27.3339515,27.43340873,27.57573141,27.61756889,27.67076657,27.93589057,27.47333463,27.50809498,27.93771841,27.79214155
424,Rote Ndao,26.75767517,26.37346078,26.5395677,26.82722817,26.78945533,26.79189855,27.15322358,26.74489977,26.63078914,26.8094531,26.89189633
425,Sabu Raijua,26.9911007,26.58389964,26.71221728,26.95497689,26.9933256,26.97443444,27.37107719,26.92665904,26.73054286,26.91553509,27.09943429
426,Sambas,27.15286647,26.92366329,27.07901955,27.24151911,27.08802124,27.36019385,27.58136206,27.20320055,27.20770234,27.49148178,27.37552168
427,Samosir,24.25785505,23.8562654,24.00761017,24.10896011,24.13714487,24.21582291,24.486289,24.03065042,24.04633703,24.45797971,24.31655811
428,Sampang,27.78714578,27.51902837,27.76558742,27.782254,27.77537131,27.68424431,27.8092444,27.70924443,27.55435246,27.63279385,27.97537112
429,Sanggau,26.68560757,26.48019377,26.68901937,26.83986779,26.67126638,26.94901563,27.15831544,26.82240357,26.82769861,27.08345197,26.979362
430,Sarmi,27.41555279,27.07597756,27.14745859,27.1387752,27.25589918,27.21556697,27.07869713,27.08876091,27.21549163,27.28816763,27.30318012
431,Sarolangun,27.72272953,27.46555971,27.52461316,27.5545543,27.59810624,27.70805429,27.79498719,27.5431341,27.55129805,27.87403642,27.81168725
432,Sekadau,26.70808371,26.52880942,26.76207062,26.89350037,26.72237962,26.97981504,27.19148871,26.87543284,26.88118006,27.12413963,27.00330639
433,Seluma,26.97488773,26.77629955,26.77111302,26.81985471,26.75728367,26.92032923,26.9742591,26.8508261,26.83290142,27.10664333,26.97662029
434,Semarang,26.34151563,26.07833381,26.36651552,26.35196999,26.28530357,26.18318222,26.3089398,26.29015205,26.19287904,26.2525764,26.44363687
435,Seram Bagian Barat,26.07173111,25.98610289,26.01066579,26.03904801,26.0555714,26.05335184,26.05065531,26.02816874,26.06634202,26.07729589,26.09407183
436,Seram Bagian Timur,26.48634761,26.21668393,26.33842119,26.39408027,26.40756556,26.41115863,26.42637404,26.35271199,26.43174789,26.47041817,26.52171145
437,Serang,27.39960103,27.21358669,27.33551969,27.44442936,27.23695794,27.2957761,27.25899515,27.39194282,27.38504757,27.58504763,27.30765449
438,Serdang Bedagai,27.30921949,26.88502497,27.04407466,27.15169144,27.1781267,27.25258812,27.56576044,27.06074141,27.07248068,27.490849,27.36835816
439,Seruyan,27.04032506,26.86996919,27.10851869,27.19788051,27.04576131,27.17785785,27.42848575,27.15913079,27.10427467,27.2614224,27.28869102
440,Siak,27.87806598,27.51168031,27.6225701,27.73749813,27.77374547,27.85352581,28.10963501,27.66096473,27.70380706,28.12162427,27.96479898
441,Siau Tagulandang Biaro,NA,NA,NA,NA,NA,NA,NA,NA,NA,NA,NA
442,Sidenreng Rappang,26.41435833,26.34310384,26.31061613,26.35500398,26.49556714,26.40245564,26.43476564,26.38212961,26.20526311,26.22158967,26.48178558
443,Sidoarjo,27.42109338,27.14258957,27.39741551,27.41583423,27.40136448,27.31671509,27.4246124,27.33907657,27.18952108,27.28425907,27.62416487
444,Sigi,23.42528805,23.45940052,23.41369895,23.44284542,23.54617758,23.54014361,23.51495936,23.46080893,23.42355174,23.43933083,23.45999562
445,Sijunjung,27.03101621,26.71143927,26.77235237,26.86011705,26.92995808,26.98934961,27.18485257,26.81600316,26.82711419,27.22718049,27.11031494
446,Sikka,25.08094666,24.91980388,24.89400073,25.00665224,25.1563495,25.11197122,25.22632614,25.07823794,24.91930643,24.97141007,25.19620646
447,Simalungun,26.05433198,25.63297897,25.79369996,25.89517422,25.92468795,26.00025315,26.30216042,25.81036643,25.82968223,26.24209433,26.11427176
448,Simeulue,28.02486982,27.72209296,27.83826796,27.93214134,27.94766507,27.98099827,28.2292829,27.85264897,27.85264901,28.20150532,28.0598395
449,Sinjai,26.18888941,26.04166697,26.06250012,26.0958335,26.26388914,26.13750049,26.2250005,26.13194478,25.89027822,25.93055589,26.30277813
450,Sintang,26.07963732,25.92281313,26.16261094,26.28196436,26.10767474,26.36375922,26.59462938,26.26339905,26.25993329,26.48460174,26.3945614
451,Situbondo,26.76590087,26.49319954,26.73611126,26.75632213,26.73965556,26.63007707,26.74444466,26.66819966,26.43486644,26.52049859,26.96465562
452,Sleman,26.79596028,26.53813184,26.80429318,26.79697008,26.72146522,26.62828306,26.73080838,26.73030332,26.64494994,26.6621217,26.88813171
453,Solok,26.18713973,25.88580536,25.93763897,26.02552815,26.08647289,26.15186119,26.32908487,25.97763955,25.98663929,26.37519541,26.27019453
454,Solok Selatan,26.24129159,25.94468826,25.99458235,26.07085716,26.13290627,26.20864854,26.35987036,26.02850044,26.03763001,26.4189999,26.3237242
455,Soppeng,26.49237879,26.38595965,26.39292502,26.42912772,26.56724203,26.46082255,26.51642116,26.4617796,26.25085075,26.26574056,26.59702311
456,Sorong,27.02078961,26.71903862,26.79871494,26.79983946,26.88944206,26.89678342,26.79827234,26.7818403,26.88669863,26.87799847,26.85286758
457,Sorong Selatan,27.33555492,27.01695442,27.0918143,27.0786291,27.18516813,27.17820852,27.06822236,27.06762299,27.17272261,27.19870381,27.18523345
458,Sragen,27.41739813,27.16522884,27.44139913,27.4355643,27.3685646,27.25989712,27.40773286,27.37156532,27.25089874,27.29706578,27.53972947
459,Subang,26.79490571,26.6039374,26.83587373,26.84108809,26.72060413,26.66157248,26.67963594,26.76608804,26.74178683,26.87963591,26.74872314
460,Sukabumi,26.38313067,26.19853619,26.37339034,26.42381386,26.240483,26.21580925,26.19311054,26.36955159,26.32952714,26.47362989,26.28856211
461,Sukamara,27.41488201,27.24197901,27.47168321,27.55332053,27.42043656,27.5568941,27.77429739,27.53268428,27.49788004,27.65122633,27.67678994
462,Sukoharjo,27.25000048,27.00000079,27.25833352,27.26666705,27.18333387,27.06666708,27.20833381,27.20000029,27.08333381,27.10833359,27.35000022
463,Sumba Barat,26.30617019,25.95693116,26.09575775,26.19821716,26.29934757,26.23286656,26.55274253,26.22074814,25.87416398,26.05142674,26.49366891
464,Sumba Barat Daya,26.47838423,26.13482246,26.27648934,26.37326988,26.46872635,26.3956213,26.70130568,26.38539303,26.04826997,26.21228788,26.66683137
465,Sumba Tengah,26.14667594,25.80080989,25.91158753,26.02863496,26.12285154,26.06529103,26.3852676,26.06450714,25.72276232,25.89371944,26.31275198
466,Sumba Timur,25.88623393,25.5155931,25.60717009,25.75263197,25.86301039,25.82434099,26.17771083,25.80139234,25.47624013,25.66464224,26.03850729
467,Sumbawa,25.71637935,25.46698612,25.65508343,25.67411358,25.75102005,25.57381078,25.79022689,25.62487675,25.28051399,25.35654454,25.92939581
468,Sumbawa Barat,26.05005788,25.80310135,26.00479099,26.02055455,26.08519327,25.8947639,26.1061353,25.95185983,25.60073288,25.67190289,26.25411138
469,Sumedang,26.2305682,26.01956866,26.26579084,26.26190118,26.13690119,26.0862355,26.09723497,26.19001268,26.15601342,26.27768091,26.19745587
470,Sumenep,27.77270812,27.52644328,27.75870889,27.78246721,27.78051969,27.67519489,27.80870891,27.71491379,27.50781537,27.58334737,27.97945208
471,Supiori,26.94404785,26.57874175,26.68520448,26.71564648,26.81921816,26.84064657,26.75255141,26.72329971,26.81564667,26.75561278,26.69693903
472,Tabalong,26.62910474,26.54671827,26.68058349,26.76119973,26.67804141,26.79884964,27.00836544,26.748256,26.67928704,26.79902867,26.85233544
473,Tabanan,25.93239275,25.66515824,25.8964044,25.92974581,25.92387023,25.77538586,25.94546041,25.83030336,25.53675256,25.60172227,26.13598978
474,Takalar,26.41054256,26.25484104,26.31756149,26.34036777,26.457911,26.32413934,26.44913949,26.337736,26.08466617,26.12984098,26.53554267
475,Tambrauw,24.40652551,24.05362205,24.14436474,24.17338106,24.27362589,24.28484465,24.19934407,24.16465321,24.26555712,24.22675497,24.17945039
476,Tana Tidung,27.02947639,27.02314372,27.21253124,27.26569965,27.11064348,27.43192099,27.75047507,27.29864314,27.39208604,27.51875301,27.44475322
477,Tana Toraja,23.3360295,23.2991392,23.25669066,23.29662313,23.42205509,23.37700432,23.38620567,23.3228381,23.19914174,23.21832633,23.3927996
478,Tanah Bumbu,26.84435389,26.72135445,26.88689054,26.95945923,26.8773411,26.91987716,27.11419308,26.91184702,26.78329293,26.8728307,27.03358806
479,Tanah Datar,26.54308858,26.20427826,26.28761225,26.3871364,26.4385646,26.50427891,26.70939849,26.3271361,26.34963622,26.75130335,26.62249327
480,Tanah Laut,27.00330536,26.85902311,27.04892446,27.12269667,27.02226852,27.05902308,27.28038951,27.064632,26.92462129,27.02611789,27.20602997
481,Tangerang,27.70484877,27.51318224,27.67939418,27.75590941,27.55954589,27.58712161,27.5678791,27.6939398,27.67515194,27.86575782,27.6189399
482,Tanggamus,26.32016105,26.14329883,26.1284886,26.291834,26.03676947,26.28543534,26.2219169,26.33857403,26.32872619,26.57873306,26.27646413
483,Tanjung Jabung Barat,28.10912957,27.82258808,27.9067968,27.97150492,28.01788002,28.12663028,28.25763109,27.94171275,27.9633804,28.3269643,28.20875496
484,Tanjung Jabung Timur,28.1464497,27.88866907,27.97050163,28.03120507,28.05316412,28.17607081,28.28851238,28.01422132,28.03444339,28.37243764,28.24846373
485,Tapanuli Selatan,26.07706961,25.69866728,25.8186926,25.94774994,25.98837143,26.04251505,26.32863915,25.8564769,25.89282119,26.30045541,26.1674719
486,Tapanuli Tengah,26.66823594,26.29524239,26.41936422,26.54455244,26.56804951,26.63715892,26.90670697,26.45056653,26.47431554,26.87682061,26.73396411
487,Tapanuli Utara,24.81465034,24.43827906,24.56327889,24.68680302,24.70990472,24.78226674,25.07298285,24.59292036,24.62245688,25.03268851,24.89566264
488,Tapin,26.82574626,26.71444813,26.87646598,26.95619568,26.8549144,26.90659532,27.14353678,26.91404851,26.79577999,26.89521784,27.00098537
489,Tasikmalaya,26.24391897,26.01837847,26.25594672,26.26578578,26.13668939,26.07411867,26.09761179,26.19064613,26.13655025,26.23382029,26.23367432
490,Tebo,28.11159266,27.82067731,27.88211486,27.94809769,28.00178976,28.09600538,28.23852327,27.92169082,27.94355435,28.31384904,28.20594042
491,Tegal,27.04980309,26.81631022,27.08656984,27.07039693,26.96631015,26.90242372,26.96631729,26.9967034,26.94000348,27.03478433,27.10617655
492,Teluk Bintuni,26.5309804,26.18191902,26.26510729,26.26769314,26.37901107,26.35954257,26.24456291,26.23758666,26.35072084,26.38933069,26.38521042
493,Teluk Wondama,25.8176781,25.46667977,25.54614006,25.54276227,25.65781671,25.62472162,25.51280463,25.50872676,25.62589172,25.68938533,25.71100347
494,Temanggung,25.61558001,25.35217446,25.64275399,25.61775378,25.54891355,25.45942079,25.56449318,25.55833371,25.47717412,25.54275426,25.70507293
495,Timor Tengah Selatan,25.33289545,24.91158646,25.11667642,25.47157179,25.36755793,25.38524977,25.82612478,25.3985389,25.31927853,25.47004959,25.57338692
496,Timor Tengah Utara,25.46476023,25.07450619,25.26196443,25.59493437,25.52135009,25.51784106,25.95284868,25.5668712,25.48794806,25.59654897,25.7301719
497,Toba Samosir,24.84182368,24.45408646,24.59006125,24.70208199,24.72692154,24.79759359,25.11009438,24.61289851,24.64478986,25.05272235,24.92571945
498,Tojo Una-Una,24.28198608,24.44039104,24.37446577,24.34556086,24.49246454,24.50604096,24.49827604,24.3935578,24.42031914,24.40597347,24.41156246
499,Toli-Toli,23.63480915,23.74718786,23.80761487,23.78061809,23.76453614,23.95688385,24.1904103,23.84796656,23.94747796,23.99538306,23.9477219
500,Tolikara,23.99189565,23.65005947,23.7184054,23.71370709,23.83423332,23.78870697,23.64855005,23.66370693,23.78870718,23.86370705,23.8803736
501,Toraja Utara,22.54697953,22.52659697,22.47339214,22.52365078,22.64287833,22.60339345,22.60659891,22.55070141,22.43929295,22.46185775,22.59198037
502,Trenggalek,27.272164,27.01652955,27.27351183,27.27081823,27.22081641,27.11677293,27.234546,27.19986461,27.06542379,27.10550078,27.43209184
503,Tuban,27.84934793,27.6280618,27.87342945,27.8715789,27.82657709,27.74584311,27.88389398,27.81667486,27.67342939,27.73074914,28.00351885
504,Tulang Bawang Barat,27.54872643,27.36093345,27.37654336,27.53499427,27.33358795,27.5774841,27.56375529,27.5755992,27.56538936,27.84637638,27.57783772
505,Tulangbawang,27.64131897,27.4594624,27.48712323,27.64498358,27.44864832,27.67311824,27.67530913,27.67441395,27.67092686,27.94982978,27.676783
506,Tulungagung,27.30357694,27.04635922,27.30080001,27.3041351,27.25080008,27.15218857,27.26913796,27.23163886,27.09468849,27.13663748,27.47302064
507,Wajo,26.59976277,26.52994954,26.49938729,26.53129726,26.69713523,26.5846747,26.61455322,26.56725719,26.383626,26.39045877,26.67535888
508,Wakatobi,26.10833359,26.17500051,26.008334,26.02500057,26.26666737,26.18333371,26.05833387,26.10833375,25.99166727,25.97500054,26.09166702
509,Waropen,26.18403535,25.8272146,25.90792396,25.88617328,26.01117331,25.97737586,25.83203842,25.83855514,25.96950662,26.04785448,26.06413718
510,Way Kanan,27.02673647,26.8402024,26.83292157,26.96850524,26.77516632,27.02605636,27.01164833,27.01944624,27.00535129,27.28669362,27.03727317
511,Wonogiri,26.95882027,26.71781334,26.97230282,26.97839101,26.9042338,26.79337504,26.92670784,26.90068112,26.77661996,26.81482251,27.08354174
512,Wonosobo,26.15088083,25.89843456,26.1798098,26.15791188,26.08160195,25.99484394,26.08471201,26.09238954,26.02245463,26.07736097,26.22702636
513,Yahukimo,23.86693401,23.58289163,23.64664373,23.63106841,23.73976804,23.70774093,23.58007046,23.57951744,23.70377185,23.76372892,23.77627601
514,Yalimo,24.37015176,24.07034919,24.12456545,24.11251168,24.22129163,24.19564641,24.06201573,24.06166905,24.19207503,24.25750248,24.26747206
